{"Item.ID":["121 001","121 002","121 003","121 004","121 005","121 006","121 007","121 008","121 009","121 010","121 011","121 012","121 013","121 014","121 015","121 016","121 017","121 018","121 019","121 020","121 021","121 022","121 023","121 024","121 025"],"Item.Name":["Parker Quink Roller Ball Pen Refill, Blue","Pilot V7 Liquid Ink Roller Ball Pen (2 Blue + 1 Black)","Parker Beta Premium Gold Ball Pen","Pilot V5 Liquid Ink Roller Ball Pen - 1 Blue + 1 Black + 1 Red","Reynolds 045 Fine Carbure Blue Ballpen, Pack of 10","Pilot Frixion Roller Ball Pen, Blue","Staedtler Triangular Ball Pen (Set of 10 Colours)","Parker Vector Mettalix CT Roller Ball Pen (Blue) + Swiss Knife","Puro 5 In 1 Multipurpose Pen","Cello Smooth Write Ballpoint Pen - Blue","Staedtler 334 SB4 Triplus Fineliner Pen - Multicolor Body, Multicolor Ink, Pack of 4","Staedtler Luna RiteClic Ball Pen - Transparent Body, Blue Ink, Pack of 10","Sheaffer SHF99335 Ballpoint Pen Refill and Medium Point - Black","Lamy M63 Blue Rollerball Refill","Pierre Cardin Dance Ball Pen, Blue Ink","Pierre Cardin Kriss Satin Nickle Roller Pen and Ball Pen , Blue Ink","Reynolds Trimax Sporty","Camlin Office Highlighter - Pack of 5 Assorted Colors","Camlin Office Highlighter Pen, Yellow","Camlin CD - DVD Marker Pen, Blue - Pack of 10","Artline EK157R Whiteboard Marker - Black, Pack of 10","Luxor CD and OHP Marker Pen, Set of 5 (Black)","Pilot Frixion Colour Highlighter (Pack of 6)","Camlin PB White Board Marker Pen, Blue","Artline EK-999XF Metallic Ink Marker - Silver"],"Item.Type":["Pen","Pen","Pen","Pen","Pen","Pen","Pen","Pen","Pen","Pen","Pen","Pen","Pen","Refill","Pen","Pen","Pen","Highlighter","Highlighter","Marker","Marker","Marker","Highlighter","Marker","Marker"],"Brand":["Parker","Pilot","Parker","Pilot","Reynolds","Parker","Staedtler","Parker","Puro","Cello","Staedtler","Staedtler","Sheaffer","Lamy","Pierre Cardin","Pierre Cardin","Reynolds","Camlin","Camlin","Camlin","Artline","Luxor","Pilot","Camlin","Artline"],"Price":[69,135,125,135,60,92,160,316,179,90,320,300,175,310,125,300,50,100,190,100,270,99,465,225,120],"UOM":["Piece","Pack","Piece","Pack","Pack","Piece","Pack","Pack","Piece","Pack","Pack","Pack","Piece","Piece","Piece","Pack","Piece","Pack","Pack","Pack","Pack","Pack","Pack","Piece","Piece"]}
