<?xml version="1.0"?>
<document>
  <row><mpg>21</mpg><cyl>6</cyl><disp>160</disp><hp>110</hp><drat>3.9</drat><wt>2.62</wt><qsec>16.46</qsec><vs>0</vs><am>1</am><gear>4</gear><carb>4</carb></row>
  <row><mpg>21</mpg><cyl>6</cyl><disp>160</disp><hp>110</hp><drat>3.9</drat><wt>2.875</wt><qsec>17.02</qsec><vs>0</vs><am>1</am><gear>4</gear><carb>4</carb></row>
  <row><mpg>22.8</mpg><cyl>4</cyl><disp>108</disp><hp>93</hp><drat>3.85</drat><wt>2.32</wt><qsec>18.61</qsec><vs>1</vs><am>1</am><gear>4</gear><carb>1</carb></row>
  <row><mpg>21.4</mpg><cyl>6</cyl><disp>258</disp><hp>110</hp><drat>3.08</drat><wt>3.215</wt><qsec>19.44</qsec><vs>1</vs><am>0</am><gear>3</gear><carb>1</carb></row>
  <row><mpg>18.7</mpg><cyl>8</cyl><disp>360</disp><hp>175</hp><drat>3.15</drat><wt>3.44</wt><qsec>17.02</qsec><vs>0</vs><am>0</am><gear>3</gear><carb>2</carb></row>
  <row><mpg>18.1</mpg><cyl>6</cyl><disp>225</disp><hp>105</hp><drat>2.76</drat><wt>3.46</wt><qsec>20.22</qsec><vs>1</vs><am>0</am><gear>3</gear><carb>1</carb></row>
  <row><mpg>14.3</mpg><cyl>8</cyl><disp>360</disp><hp>245</hp><drat>3.21</drat><wt>3.57</wt><qsec>15.84</qsec><vs>0</vs><am>0</am><gear>3</gear><carb>4</carb></row>
  <row><mpg>24.4</mpg><cyl>4</cyl><disp>146.7</disp><hp>62</hp><drat>3.69</drat><wt>3.19</wt><qsec>20</qsec><vs>1</vs><am>0</am><gear>4</gear><carb>2</carb></row>
  <row><mpg>22.8</mpg><cyl>4</cyl><disp>140.8</disp><hp>95</hp><drat>3.92</drat><wt>3.15</wt><qsec>22.9</qsec><vs>1</vs><am>0</am><gear>4</gear><carb>2</carb></row>
  <row><mpg>19.2</mpg><cyl>6</cyl><disp>167.6</disp><hp>123</hp><drat>3.92</drat><wt>3.44</wt><qsec>18.3</qsec><vs>1</vs><am>0</am><gear>4</gear><carb>4</carb></row>
  <row><mpg>17.8</mpg><cyl>6</cyl><disp>167.6</disp><hp>123</hp><drat>3.92</drat><wt>3.44</wt><qsec>18.9</qsec><vs>1</vs><am>0</am><gear>4</gear><carb>4</carb></row>
  <row><mpg>16.4</mpg><cyl>8</cyl><disp>275.8</disp><hp>180</hp><drat>3.07</drat><wt>4.07</wt><qsec>17.4</qsec><vs>0</vs><am>0</am><gear>3</gear><carb>3</carb></row>
  <row><mpg>17.3</mpg><cyl>8</cyl><disp>275.8</disp><hp>180</hp><drat>3.07</drat><wt>3.73</wt><qsec>17.6</qsec><vs>0</vs><am>0</am><gear>3</gear><carb>3</carb></row>
  <row><mpg>15.2</mpg><cyl>8</cyl><disp>275.8</disp><hp>180</hp><drat>3.07</drat><wt>3.78</wt><qsec>18</qsec><vs>0</vs><am>0</am><gear>3</gear><carb>3</carb></row>
  <row><mpg>10.4</mpg><cyl>8</cyl><disp>472</disp><hp>205</hp><drat>2.93</drat><wt>5.25</wt><qsec>17.98</qsec><vs>0</vs><am>0</am><gear>3</gear><carb>4</carb></row>
  <row><mpg>10.4</mpg><cyl>8</cyl><disp>460</disp><hp>215</hp><drat>3</drat><wt>5.424</wt><qsec>17.82</qsec><vs>0</vs><am>0</am><gear>3</gear><carb>4</carb></row>
  <row><mpg>14.7</mpg><cyl>8</cyl><disp>440</disp><hp>230</hp><drat>3.23</drat><wt>5.345</wt><qsec>17.42</qsec><vs>0</vs><am>0</am><gear>3</gear><carb>4</carb></row>
  <row><mpg>32.4</mpg><cyl>4</cyl><disp>78.7</disp><hp>66</hp><drat>4.08</drat><wt>2.2</wt><qsec>19.47</qsec><vs>1</vs><am>1</am><gear>4</gear><carb>1</carb></row>
  <row><mpg>30.4</mpg><cyl>4</cyl><disp>75.7</disp><hp>52</hp><drat>4.93</drat><wt>1.615</wt><qsec>18.52</qsec><vs>1</vs><am>1</am><gear>4</gear><carb>2</carb></row>
  <row><mpg>33.9</mpg><cyl>4</cyl><disp>71.1</disp><hp>65</hp><drat>4.22</drat><wt>1.835</wt><qsec>19.9</qsec><vs>1</vs><am>1</am><gear>4</gear><carb>1</carb></row>
  <row><mpg>21.5</mpg><cyl>4</cyl><disp>120.1</disp><hp>97</hp><drat>3.7</drat><wt>2.465</wt><qsec>20.01</qsec><vs>1</vs><am>0</am><gear>3</gear><carb>1</carb></row>
  <row><mpg>15.5</mpg><cyl>8</cyl><disp>318</disp><hp>150</hp><drat>2.76</drat><wt>3.52</wt><qsec>16.87</qsec><vs>0</vs><am>0</am><gear>3</gear><carb>2</carb></row>
  <row><mpg>15.2</mpg><cyl>8</cyl><disp>304</disp><hp>150</hp><drat>3.15</drat><wt>3.435</wt><qsec>17.3</qsec><vs>0</vs><am>0</am><gear>3</gear><carb>2</carb></row>
  <row><mpg>13.3</mpg><cyl>8</cyl><disp>350</disp><hp>245</hp><drat>3.73</drat><wt>3.84</wt><qsec>15.41</qsec><vs>0</vs><am>0</am><gear>3</gear><carb>4</carb></row>
  <row><mpg>19.2</mpg><cyl>8</cyl><disp>400</disp><hp>175</hp><drat>3.08</drat><wt>3.845</wt><qsec>17.05</qsec><vs>0</vs><am>0</am><gear>3</gear><carb>2</carb></row>
  <row><mpg>27.3</mpg><cyl>4</cyl><disp>79</disp><hp>66</hp><drat>4.08</drat><wt>1.935</wt><qsec>18.9</qsec><vs>1</vs><am>1</am><gear>4</gear><carb>1</carb></row>
  <row><mpg>26</mpg><cyl>4</cyl><disp>120.3</disp><hp>91</hp><drat>4.43</drat><wt>2.14</wt><qsec>16.7</qsec><vs>0</vs><am>1</am><gear>5</gear><carb>2</carb></row>
  <row><mpg>30.4</mpg><cyl>4</cyl><disp>95.1</disp><hp>113</hp><drat>3.77</drat><wt>1.513</wt><qsec>16.9</qsec><vs>1</vs><am>1</am><gear>5</gear><carb>2</carb></row>
  <row><mpg>15.8</mpg><cyl>8</cyl><disp>351</disp><hp>264</hp><drat>4.22</drat><wt>3.17</wt><qsec>14.5</qsec><vs>0</vs><am>1</am><gear>5</gear><carb>4</carb></row>
  <row><mpg>19.7</mpg><cyl>6</cyl><disp>145</disp><hp>175</hp><drat>3.62</drat><wt>2.77</wt><qsec>15.5</qsec><vs>0</vs><am>1</am><gear>5</gear><carb>6</carb></row>
  <row><mpg>15</mpg><cyl>8</cyl><disp>301</disp><hp>335</hp><drat>3.54</drat><wt>3.57</wt><qsec>14.6</qsec><vs>0</vs><am>1</am><gear>5</gear><carb>8</carb></row>
  <row><mpg>21.4</mpg><cyl>4</cyl><disp>121</disp><hp>109</hp><drat>4.11</drat><wt>2.78</wt><qsec>18.6</qsec><vs>1</vs><am>1</am><gear>4</gear><carb>2</carb></row>
</document>
