[{"weight":4.17,"group":"ctrl"},{"weight":5.58,"group":"ctrl"},{"weight":5.18,"group":"ctrl"},{"weight":6.11,"group":"ctrl"},{"weight":4.5,"group":"ctrl"},{"weight":4.61,"group":"ctrl"},{"weight":5.17,"group":"ctrl"},{"weight":4.53,"group":"ctrl"},{"weight":5.33,"group":"ctrl"},{"weight":5.14,"group":"ctrl"},{"weight":4.81,"group":"trt1"},{"weight":4.17,"group":"trt1"},{"weight":4.41,"group":"trt1"},{"weight":3.59,"group":"trt1"},{"weight":5.87,"group":"trt1"},{"weight":3.83,"group":"trt1"},{"weight":6.03,"group":"trt1"},{"weight":4.89,"group":"trt1"},{"weight":4.32,"group":"trt1"},{"weight":4.69,"group":"trt1"},{"weight":6.31,"group":"trt2"},{"weight":5.12,"group":"trt2"},{"weight":5.54,"group":"trt2"},{"weight":5.5,"group":"trt2"},{"weight":5.37,"group":"trt2"},{"weight":5.29,"group":"trt2"},{"weight":4.92,"group":"trt2"},{"weight":6.15,"group":"trt2"},{"weight":5.8,"group":"trt2"},{"weight":5.26,"group":"trt2"}]
